{
  "bounding_box": "-118.5137323688,34.0001996344,-118.4702449172,34.0331651696",
  "aws" : {
    "aws_access_key_id" : "AKIAJYKWZL555ZQNFSIA",
    "aws_secret_access_key" : "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"
  },
  "twitter": {
    "token": "12270642-8ggOVEjcQ7DAP2VCCZbXYoRtiOf0rngzrsyb82h7k",
    "token_secret": "85KnJJBbdvhZyGhOVLPwk47x2IAHaLEFGhNJdrHXo1Tv8",
    "consumer_key": "Jt9H3ve228Tl8yafi4Ip8Iwbw",
    "consumer_secret": "xXxkq7QM1D7K1w0tFKRIYYviS2EQ288jzbbiwzEYYRQrMyvCDN"
  },
  "mongo": {
    "ip" : "18.236.138.158",
    "port" : 27016,
    "database": "twitter",
    "collection": "tweets"
  },
  "username" : "joshua",
  "s3_bucket": "uclax-data-science"
}
